,period,return,max_drawdown,calmar_ratio,sharpe
0,3,0.12124580967584198,-0.10905748128108371,1.1117605894761515,1.0843285443217414
1,4,0.04596063965376995,-0.11985513300982253,0.3834682628903622,0.4677590619856588
2,5,-0.08603542785904239,-0.23501188668514852,-0.3660896862391742,-0.8912928150794013
3,6,0.04807252066415724,-0.09421383486887179,0.5102490598229579,0.4977290394148865
4,7,-0.018228287114699593,-0.17260676405396636,-0.10560586785000169,-0.13314981812680354
5,8,0.019019093716868163,-0.1654580089748808,0.11494816016887746,0.23235711568048667
